{
  "version": "1.1.1",
  "windows": {
    "worker": {},
    "main": {
      "main": true,
      "url": "app://editor/index.html",
      "windowType": "dockable",
      "x": 0,
      "y": 0,
<<<<<<< HEAD
      "width": 1280,
      "height": 690,
=======
      "width": 1536,
      "height": 824,
>>>>>>> 46bbf8c33d449fc4e90886d834b2295ee950c5b8
      "layout": {
        "children": [
          {
            "children": [
              {
                "active": 0,
                "children": [
                  "hierarchy"
                ],
<<<<<<< HEAD
                "height": 285,
                "type": "panel",
                "width": 253.2916717529297
=======
                "height": 352.6000061035156,
                "type": "panel",
                "width": 306.07501220703125
>>>>>>> 46bbf8c33d449fc4e90886d834b2295ee950c5b8
              },
              {
                "active": 0,
                "children": [
                  "assets"
                ],
<<<<<<< HEAD
                "height": 285,
                "type": "panel",
                "width": 253.2916717529297
              }
            ],
            "height": 572,
            "type": "dock-v",
            "width": 253.2916717529297
=======
                "height": 352.6000061035156,
                "type": "panel",
                "width": 306.07501220703125
              }
            ],
            "height": 707.2000122070312,
            "type": "dock-v",
            "width": 306.07501220703125
>>>>>>> 46bbf8c33d449fc4e90886d834b2295ee950c5b8
          },
          {
            "children": [
              {
                "active": 0,
                "children": [
                  "scene"
                ],
<<<<<<< HEAD
                "height": 304,
                "type": "panel",
                "width": 704.6979370117188
=======
                "height": 424.125,
                "type": "panel",
                "width": 874.2250366210938
>>>>>>> 46bbf8c33d449fc4e90886d834b2295ee950c5b8
              },
              {
                "active": 0,
                "children": [
                  "console",
                  "timeline"
                ],
<<<<<<< HEAD
                "height": 266,
                "type": "panel",
                "width": 704.6979370117188
              }
            ],
            "height": 572,
            "type": "dock-v",
            "width": 704.6979370117188
=======
                "height": 281.07501220703125,
                "type": "panel",
                "width": 874.2250366210938
              }
            ],
            "height": 707.2000122070312,
            "type": "dock-v",
            "width": 874.2250366210938
>>>>>>> 46bbf8c33d449fc4e90886d834b2295ee950c5b8
          },
          {
            "active": 0,
            "children": [
              "inspector"
            ],
<<<<<<< HEAD
            "height": 572,
=======
            "height": 707.2000122070312,
>>>>>>> 46bbf8c33d449fc4e90886d834b2295ee950c5b8
            "type": "panel",
            "width": 338.0874938964844
          }
        ],
        "type": "dock-h"
      },
      "panels": [
        "hierarchy",
        "assets",
        "console",
        "timeline",
        "inspector",
        "scene"
      ]
    }
  },
  "panels": {
    "builder": {
      "x": 388,
      "y": 4,
      "width": 516,
      "height": 690
    },
    "code-editor": {
      "x": 536,
      "y": 20,
      "width": 656,
      "height": 698
    },
    "project-settings": {
      "x": 342,
      "y": 64,
      "width": 600,
      "height": 565
    },
    "preferences": {
      "x": 488,
      "y": 60,
      "width": 604,
      "height": 572
    },
    "sprite-editor": {
      "x": 395,
      "y": 90,
      "width": 517,
      "height": 540
    },
    "node-library": {
      "x": 480,
      "y": 74,
      "width": 454,
      "height": 518
    },
    "package-asset.import": {
      "x": 382,
      "y": 60,
      "width": 515,
      "height": 576
    }
  }
}